Workbook

Sheet Summary
A1: legalworkflows delivery plan - status
A2: Every count here is a live COUNTIF/COUNTIFS over the Tickets sheet. Change a status there and these follow.
A3: Sources: docs/delivery-plan/backlog.csv for the register, docs/delivery-plan/v2/status.csv for the statuses. Rebuild with docs/delivery-plan/v2/build-status-workbook.py.
A5: Headline
A6: Measure | B6: Tickets | C6: Share
A7: Total tickets | B7: =COUNTA(Tickets!$E$2:$E$125)
A8: Complete (Done) | B8: =COUNTIF(Tickets!$E$2:$E$125,"Done") | C8: =IFERROR(B8/$B$7,0)
A9: Active (In progress) | B9: =COUNTIF(Tickets!$E$2:$E$125,"In progress") | C9: =IFERROR(B9/$B$7,0)
A10: Remaining (To do) | B10: =COUNTIF(Tickets!$E$2:$E$125,"To do") | C10: =IFERROR(B10/$B$7,0)
A11: Deferred | B11: =COUNTIF(Tickets!$E$2:$E$125,"Deferred") | C11: =IFERROR(B11/$B$7,0)
A12: Closed without delivery | B12: =COUNTIF(Tickets!$E$2:$E$125,"Superseded")+COUNTIF(Tickets!$E$2:$E$125,"Won't do") | C12: =IFERROR(B12/$B$7,0)
A14: By phase
A15: Phase | B15: Done | C15: In progress | D15: To do | E15: Deferred | F15: Superseded | G15: Won't do | H15: Total | I15: % done
A16: Phase 1 - Extraction | B16: =COUNTIFS(Tickets!$G$2:$G$125,$A16,Tickets!$E$2:$E$125,B$15) | C16: =COUNTIFS(Tickets!$G$2:$G$125,$A16,Tickets!$E$2:$E$125,C$15) | D16: =COUNTIFS(Tickets!$G$2:$G$125,$A16,Tickets!$E$2:$E$125,D$15) | E16: =COUNTIFS(Tickets!$G$2:$G$125,$A16,Tickets!$E$2:$E$125,E$15) | F16: =COUNTIFS(Tickets!$G$2:$G$125,$A16,Tickets!$E$2:$E$125,F$15) | G16: =COUNTIFS(Tickets!$G$2:$G$125,$A16,Tickets!$E$2:$E$125,G$15) | H16: =SUM(B16:G16) | I16: =IFERROR(B16/H16,0)
A17: Phase 2 - Infrastructure | B17: =COUNTIFS(Tickets!$G$2:$G$125,$A17,Tickets!$E$2:$E$125,B$15) | C17: =COUNTIFS(Tickets!$G$2:$G$125,$A17,Tickets!$E$2:$E$125,C$15) | D17: =COUNTIFS(Tickets!$G$2:$G$125,$A17,Tickets!$E$2:$E$125,D$15) | E17: =COUNTIFS(Tickets!$G$2:$G$125,$A17,Tickets!$E$2:$E$125,E$15) | F17: =COUNTIFS(Tickets!$G$2:$G$125,$A17,Tickets!$E$2:$E$125,F$15) | G17: =COUNTIFS(Tickets!$G$2:$G$125,$A17,Tickets!$E$2:$E$125,G$15) | H17: =SUM(B17:G17) | I17: =IFERROR(B17/H17,0)
A18: Phase 3 - Production Ready | B18: =COUNTIFS(Tickets!$G$2:$G$125,$A18,Tickets!$E$2:$E$125,B$15) | C18: =COUNTIFS(Tickets!$G$2:$G$125,$A18,Tickets!$E$2:$E$125,C$15) | D18: =COUNTIFS(Tickets!$G$2:$G$125,$A18,Tickets!$E$2:$E$125,D$15) | E18: =COUNTIFS(Tickets!$G$2:$G$125,$A18,Tickets!$E$2:$E$125,E$15) | F18: =COUNTIFS(Tickets!$G$2:$G$125,$A18,Tickets!$E$2:$E$125,F$15) | G18: =COUNTIFS(Tickets!$G$2:$G$125,$A18,Tickets!$E$2:$E$125,G$15) | H18: =SUM(B18:G18) | I18: =IFERROR(B18/H18,0)
A19: Phase 4 - Self-hosted platform | B19: =COUNTIFS(Tickets!$G$2:$G$125,$A19,Tickets!$E$2:$E$125,B$15) | C19: =COUNTIFS(Tickets!$G$2:$G$125,$A19,Tickets!$E$2:$E$125,C$15) | D19: =COUNTIFS(Tickets!$G$2:$G$125,$A19,Tickets!$E$2:$E$125,D$15) | E19: =COUNTIFS(Tickets!$G$2:$G$125,$A19,Tickets!$E$2:$E$125,E$15) | F19: =COUNTIFS(Tickets!$G$2:$G$125,$A19,Tickets!$E$2:$E$125,F$15) | G19: =COUNTIFS(Tickets!$G$2:$G$125,$A19,Tickets!$E$2:$E$125,G$15) | H19: =SUM(B19:G19) | I19: =IFERROR(B19/H19,0)
A20: All | B20: =SUM(B16:B19) | C20: =SUM(C16:C19) | D20: =SUM(D16:D19) | E20: =SUM(E16:E19) | F20: =SUM(F16:F19) | G20: =SUM(G16:G19) | H20: =SUM(H16:H19) | I20: =IFERROR(B20/H20,0)
A22: By sprint
A23: Sprint | B23: Done | C23: In progress | D23: To do | E23: Deferred | F23: Superseded | G23: Won't do | H23: Total | I23: % done
A24: Sprint 1 | B24: =COUNTIFS(Tickets!$H$2:$H$125,$A24,Tickets!$E$2:$E$125,B$23) | C24: =COUNTIFS(Tickets!$H$2:$H$125,$A24,Tickets!$E$2:$E$125,C$23) | D24: =COUNTIFS(Tickets!$H$2:$H$125,$A24,Tickets!$E$2:$E$125,D$23) | E24: =COUNTIFS(Tickets!$H$2:$H$125,$A24,Tickets!$E$2:$E$125,E$23) | F24: =COUNTIFS(Tickets!$H$2:$H$125,$A24,Tickets!$E$2:$E$125,F$23) | G24: =COUNTIFS(Tickets!$H$2:$H$125,$A24,Tickets!$E$2:$E$125,G$23) | H24: =SUM(B24:G24) | I24: =IFERROR(B24/H24,0)
A25: Sprint 2 | B25: =COUNTIFS(Tickets!$H$2:$H$125,$A25,Tickets!$E$2:$E$125,B$23) | C25: =COUNTIFS(Tickets!$H$2:$H$125,$A25,Tickets!$E$2:$E$125,C$23) | D25: =COUNTIFS(Tickets!$H$2:$H$125,$A25,Tickets!$E$2:$E$125,D$23) | E25: =COUNTIFS(Tickets!$H$2:$H$125,$A25,Tickets!$E$2:$E$125,E$23) | F25: =COUNTIFS(Tickets!$H$2:$H$125,$A25,Tickets!$E$2:$E$125,F$23) | G25: =COUNTIFS(Tickets!$H$2:$H$125,$A25,Tickets!$E$2:$E$125,G$23) | H25: =SUM(B25:G25) | I25: =IFERROR(B25/H25,0)
A26: Sprint 3 | B26: =COUNTIFS(Tickets!$H$2:$H$125,$A26,Tickets!$E$2:$E$125,B$23) | C26: =COUNTIFS(Tickets!$H$2:$H$125,$A26,Tickets!$E$2:$E$125,C$23) | D26: =COUNTIFS(Tickets!$H$2:$H$125,$A26,Tickets!$E$2:$E$125,D$23) | E26: =COUNTIFS(Tickets!$H$2:$H$125,$A26,Tickets!$E$2:$E$125,E$23) | F26: =COUNTIFS(Tickets!$H$2:$H$125,$A26,Tickets!$E$2:$E$125,F$23) | G26: =COUNTIFS(Tickets!$H$2:$H$125,$A26,Tickets!$E$2:$E$125,G$23) | H26: =SUM(B26:G26) | I26: =IFERROR(B26/H26,0)
A27: Sprint 4 | B27: =COUNTIFS(Tickets!$H$2:$H$125,$A27,Tickets!$E$2:$E$125,B$23) | C27: =COUNTIFS(Tickets!$H$2:$H$125,$A27,Tickets!$E$2:$E$125,C$23) | D27: =COUNTIFS(Tickets!$H$2:$H$125,$A27,Tickets!$E$2:$E$125,D$23) | E27: =COUNTIFS(Tickets!$H$2:$H$125,$A27,Tickets!$E$2:$E$125,E$23) | F27: =COUNTIFS(Tickets!$H$2:$H$125,$A27,Tickets!$E$2:$E$125,F$23) | G27: =COUNTIFS(Tickets!$H$2:$H$125,$A27,Tickets!$E$2:$E$125,G$23) | H27: =SUM(B27:G27) | I27: =IFERROR(B27/H27,0)
A28: Sprint 5 | B28: =COUNTIFS(Tickets!$H$2:$H$125,$A28,Tickets!$E$2:$E$125,B$23) | C28: =COUNTIFS(Tickets!$H$2:$H$125,$A28,Tickets!$E$2:$E$125,C$23) | D28: =COUNTIFS(Tickets!$H$2:$H$125,$A28,Tickets!$E$2:$E$125,D$23) | E28: =COUNTIFS(Tickets!$H$2:$H$125,$A28,Tickets!$E$2:$E$125,E$23) | F28: =COUNTIFS(Tickets!$H$2:$H$125,$A28,Tickets!$E$2:$E$125,F$23) | G28: =COUNTIFS(Tickets!$H$2:$H$125,$A28,Tickets!$E$2:$E$125,G$23) | H28: =SUM(B28:G28) | I28: =IFERROR(B28/H28,0)
A29: Sprint 6 | B29: =COUNTIFS(Tickets!$H$2:$H$125,$A29,Tickets!$E$2:$E$125,B$23) | C29: =COUNTIFS(Tickets!$H$2:$H$125,$A29,Tickets!$E$2:$E$125,C$23) | D29: =COUNTIFS(Tickets!$H$2:$H$125,$A29,Tickets!$E$2:$E$125,D$23) | E29: =COUNTIFS(Tickets!$H$2:$H$125,$A29,Tickets!$E$2:$E$125,E$23) | F29: =COUNTIFS(Tickets!$H$2:$H$125,$A29,Tickets!$E$2:$E$125,F$23) | G29: =COUNTIFS(Tickets!$H$2:$H$125,$A29,Tickets!$E$2:$E$125,G$23) | H29: =SUM(B29:G29) | I29: =IFERROR(B29/H29,0)
A30: Sprint 7 | B30: =COUNTIFS(Tickets!$H$2:$H$125,$A30,Tickets!$E$2:$E$125,B$23) | C30: =COUNTIFS(Tickets!$H$2:$H$125,$A30,Tickets!$E$2:$E$125,C$23) | D30: =COUNTIFS(Tickets!$H$2:$H$125,$A30,Tickets!$E$2:$E$125,D$23) | E30: =COUNTIFS(Tickets!$H$2:$H$125,$A30,Tickets!$E$2:$E$125,E$23) | F30: =COUNTIFS(Tickets!$H$2:$H$125,$A30,Tickets!$E$2:$E$125,F$23) | G30: =COUNTIFS(Tickets!$H$2:$H$125,$A30,Tickets!$E$2:$E$125,G$23) | H30: =SUM(B30:G30) | I30: =IFERROR(B30/H30,0)
A31: All | B31: =SUM(B24:B30) | C31: =SUM(C24:C30) | D31: =SUM(D24:D30) | E31: =SUM(E24:E30) | F31: =SUM(F24:F30) | G31: =SUM(G24:G30) | H31: =SUM(H24:H30) | I31: =IFERROR(B31/H31,0)
A33: By component
A34: Component | B34: Done | C34: In progress | D34: To do | E34: Deferred | F34: Superseded | G34: Won't do | H34: Total | I34: % done
A35: Platform | B35: =COUNTIFS(Tickets!$I$2:$I$125,$A35,Tickets!$E$2:$E$125,B$34) | C35: =COUNTIFS(Tickets!$I$2:$I$125,$A35,Tickets!$E$2:$E$125,C$34) | D35: =COUNTIFS(Tickets!$I$2:$I$125,$A35,Tickets!$E$2:$E$125,D$34) | E35: =COUNTIFS(Tickets!$I$2:$I$125,$A35,Tickets!$E$2:$E$125,E$34) | F35: =COUNTIFS(Tickets!$I$2:$I$125,$A35,Tickets!$E$2:$E$125,F$34) | G35: =COUNTIFS(Tickets!$I$2:$I$125,$A35,Tickets!$E$2:$E$125,G$34) | H35: =SUM(B35:G35) | I35: =IFERROR(B35/H35,0)
A36: Backend | B36: =COUNTIFS(Tickets!$I$2:$I$125,$A36,Tickets!$E$2:$E$125,B$34) | C36: =COUNTIFS(Tickets!$I$2:$I$125,$A36,Tickets!$E$2:$E$125,C$34) | D36: =COUNTIFS(Tickets!$I$2:$I$125,$A36,Tickets!$E$2:$E$125,D$34) | E36: =COUNTIFS(Tickets!$I$2:$I$125,$A36,Tickets!$E$2:$E$125,E$34) | F36: =COUNTIFS(Tickets!$I$2:$I$125,$A36,Tickets!$E$2:$E$125,F$34) | G36: =COUNTIFS(Tickets!$I$2:$I$125,$A36,Tickets!$E$2:$E$125,G$34) | H36: =SUM(B36:G36) | I36: =IFERROR(B36/H36,0)
A37: Frontend | B37: =COUNTIFS(Tickets!$I$2:$I$125,$A37,Tickets!$E$2:$E$125,B$34) | C37: =COUNTIFS(Tickets!$I$2:$I$125,$A37,Tickets!$E$2:$E$125,C$34) | D37: =COUNTIFS(Tickets!$I$2:$I$125,$A37,Tickets!$E$2:$E$125,D$34) | E37: =COUNTIFS(Tickets!$I$2:$I$125,$A37,Tickets!$E$2:$E$125,E$34) | F37: =COUNTIFS(Tickets!$I$2:$I$125,$A37,Tickets!$E$2:$E$125,F$34) | G37: =COUNTIFS(Tickets!$I$2:$I$125,$A37,Tickets!$E$2:$E$125,G$34) | H37: =SUM(B37:G37) | I37: =IFERROR(B37/H37,0)
A38: Word Add-in | B38: =COUNTIFS(Tickets!$I$2:$I$125,$A38,Tickets!$E$2:$E$125,B$34) | C38: =COUNTIFS(Tickets!$I$2:$I$125,$A38,Tickets!$E$2:$E$125,C$34) | D38: =COUNTIFS(Tickets!$I$2:$I$125,$A38,Tickets!$E$2:$E$125,D$34) | E38: =COUNTIFS(Tickets!$I$2:$I$125,$A38,Tickets!$E$2:$E$125,E$34) | F38: =COUNTIFS(Tickets!$I$2:$I$125,$A38,Tickets!$E$2:$E$125,F$34) | G38: =COUNTIFS(Tickets!$I$2:$I$125,$A38,Tickets!$E$2:$E$125,G$34) | H38: =SUM(B38:G38) | I38: =IFERROR(B38/H38,0)
A39: Infrastructure | B39: =COUNTIFS(Tickets!$I$2:$I$125,$A39,Tickets!$E$2:$E$125,B$34) | C39: =COUNTIFS(Tickets!$I$2:$I$125,$A39,Tickets!$E$2:$E$125,C$34) | D39: =COUNTIFS(Tickets!$I$2:$I$125,$A39,Tickets!$E$2:$E$125,D$34) | E39: =COUNTIFS(Tickets!$I$2:$I$125,$A39,Tickets!$E$2:$E$125,E$34) | F39: =COUNTIFS(Tickets!$I$2:$I$125,$A39,Tickets!$E$2:$E$125,F$34) | G39: =COUNTIFS(Tickets!$I$2:$I$125,$A39,Tickets!$E$2:$E$125,G$34) | H39: =SUM(B39:G39) | I39: =IFERROR(B39/H39,0)
A40: Integration | B40: =COUNTIFS(Tickets!$I$2:$I$125,$A40,Tickets!$E$2:$E$125,B$34) | C40: =COUNTIFS(Tickets!$I$2:$I$125,$A40,Tickets!$E$2:$E$125,C$34) | D40: =COUNTIFS(Tickets!$I$2:$I$125,$A40,Tickets!$E$2:$E$125,D$34) | E40: =COUNTIFS(Tickets!$I$2:$I$125,$A40,Tickets!$E$2:$E$125,E$34) | F40: =COUNTIFS(Tickets!$I$2:$I$125,$A40,Tickets!$E$2:$E$125,F$34) | G40: =COUNTIFS(Tickets!$I$2:$I$125,$A40,Tickets!$E$2:$E$125,G$34) | H40: =SUM(B40:G40) | I40: =IFERROR(B40/H40,0)
A41: All | B41: =SUM(B35:B40) | C41: =SUM(C35:C40) | D41: =SUM(D35:D40) | E41: =SUM(E35:E40) | F41: =SUM(F35:F40) | G41: =SUM(G35:G40) | H41: =SUM(H35:H40) | I41: =IFERROR(B41/H41,0)
A43: By issue type
A44: Issue Type | B44: Done | C44: In progress | D44: To do | E44: Deferred | F44: Superseded | G44: Won't do | H44: Total | I44: % done
A45: Epic | B45: =COUNTIFS(Tickets!$C$2:$C$125,$A45,Tickets!$E$2:$E$125,B$44) | C45: =COUNTIFS(Tickets!$C$2:$C$125,$A45,Tickets!$E$2:$E$125,C$44) | D45: =COUNTIFS(Tickets!$C$2:$C$125,$A45,Tickets!$E$2:$E$125,D$44) | E45: =COUNTIFS(Tickets!$C$2:$C$125,$A45,Tickets!$E$2:$E$125,E$44) | F45: =COUNTIFS(Tickets!$C$2:$C$125,$A45,Tickets!$E$2:$E$125,F$44) | G45: =COUNTIFS(Tickets!$C$2:$C$125,$A45,Tickets!$E$2:$E$125,G$44) | H45: =SUM(B45:G45) | I45: =IFERROR(B45/H45,0)
A46: Story | B46: =COUNTIFS(Tickets!$C$2:$C$125,$A46,Tickets!$E$2:$E$125,B$44) | C46: =COUNTIFS(Tickets!$C$2:$C$125,$A46,Tickets!$E$2:$E$125,C$44) | D46: =COUNTIFS(Tickets!$C$2:$C$125,$A46,Tickets!$E$2:$E$125,D$44) | E46: =COUNTIFS(Tickets!$C$2:$C$125,$A46,Tickets!$E$2:$E$125,E$44) | F46: =COUNTIFS(Tickets!$C$2:$C$125,$A46,Tickets!$E$2:$E$125,F$44) | G46: =COUNTIFS(Tickets!$C$2:$C$125,$A46,Tickets!$E$2:$E$125,G$44) | H46: =SUM(B46:G46) | I46: =IFERROR(B46/H46,0)
A47: Sub-task | B47: =COUNTIFS(Tickets!$C$2:$C$125,$A47,Tickets!$E$2:$E$125,B$44) | C47: =COUNTIFS(Tickets!$C$2:$C$125,$A47,Tickets!$E$2:$E$125,C$44) | D47: =COUNTIFS(Tickets!$C$2:$C$125,$A47,Tickets!$E$2:$E$125,D$44) | E47: =COUNTIFS(Tickets!$C$2:$C$125,$A47,Tickets!$E$2:$E$125,E$44) | F47: =COUNTIFS(Tickets!$C$2:$C$125,$A47,Tickets!$E$2:$E$125,F$44) | G47: =COUNTIFS(Tickets!$C$2:$C$125,$A47,Tickets!$E$2:$E$125,G$44) | H47: =SUM(B47:G47) | I47: =IFERROR(B47/H47,0)
A48: All | B48: =SUM(B45:B47) | C48: =SUM(C45:C47) | D48: =SUM(D45:D47) | E48: =SUM(E45:E47) | F48: =SUM(F45:F47) | G48: =SUM(G45:G47) | H48: =SUM(H45:H47) | I48: =IFERROR(B48/H48,0)
A50: What each status means
A51: Done | B51: Delivered and merged to the branch. The plan row carries a completion marker.
A52: In progress | B52: Partly delivered: an epic or story whose children are not all done, or work waiting on a step only the operator can take.
A53: To do | B53: Not started. Mostly stage 5 (run the platform on AWS) and the operator-side prerequisites.
A54: Deferred | B54: Scoped and understood, deliberately held until after first production traffic.
A55: Superseded | B55: Replaced by the stage 5 move off Supabase; the work no longer applies.
A56: Won't do | B56: Decided against, with the reason recorded in the plan.
A58: Where the statuses come from
A59: - Rolled up the Epic -> Story -> Sub-task hierarchy: a parent is Done only when every child is Done, and In progress when at least one child is.
A60: - Sub-task statuses come from the completion markers in docs/delivery-plan/v2/plan.md, one row per ticket.
A61: - The twelve tickets with no marker are resolved explicitly by the plan's ticket disposition table (2023 won't do; 2029-2031 done; 2038-2041 superseded by stage 5; 2066-2069 deferred).
A62: - Tickets 2110-2126 are the new stage 5 scope: move off Supabase onto RDS PostgreSQL with self-hosted PostgREST and GoTrue.

Sheet Tickets
A1: Issue Id | B1: Parent Id | C1: Issue Type | D1: Summary | E1: Status | F1: Status note | G1: Phase | H1: Sprint | I1: Component | J1: Priority | K1: Repo | L1: Labels | M1: Acceptance Criteria | N1: Description
A2: 2001 | C2: Epic | D2: Foundation: private repository and upstream tracking | E2: In progress | F2: Rolled up from 2 children: 1 done, 1 in progress. | G2: Phase 1 - Extraction | H2: Sprint 1 | I2: Platform | J2: Highest | K2: legal-workflow-service | L2: foundation | M2: Private repo exists and is protected; a clean clone builds; upstream-main mirrors upstream and merges fast-forward. | N2: Stand up the private repository extracted from matchamfraser/legalworkflows at commit 8b3466f, with the remote topology that keeps upstream security fixes mergeable. The fork is currently at exact parity with upstream - 581 commits, no divergence - so this is the cheapest moment to get the structure right.
A3: 2002 | B3: 2001 | C3: Story | D3: Extract into a private repository with history intact | E3: Done | F3: Rolled up from 4 children: 4 done. | G3: Phase 1 - Extraction | H3: Sprint 1 | I3: Platform | J3: Highest | K3: legal-workflow-service | L3: foundation | M3: git log on backend/src/app.ts shows pre-extraction commits; npm ci and npm run build pass from a clean clone. | N3: Clone the full tree with history rather than copying files. History is what makes upstream merges possible and is the cleanest record of what changed and when, which AGPL section 5(a) asks you to state. Do NOT squash or re-init.
A4: 2003 | B4: 2002 | C4: Sub-task | D4: Clone with full history and rewire remotes | E4: Done | F4: repository exists with history | G4: Phase 1 - Extraction | H4: Sprint 1 | I4: Platform | J4: Highest | K4: legal-workflow-service | L4: foundation | M4: git remote -v shows all three; git log --oneline | wc -l returns 581. | N4: git clone the existing fork, then: rename origin to fork, add upstream = Open-Legal-Products/legalworkflows, add origin = the new private repo. Three remotes, each with one job. Push main to the new origin.
A5: 2004 | B5: 2002 | C5: Sub-task | D5: Create the protected upstream-main mirror branch | E5: Done | F5: upstream-main exists on the remote | G5: Phase 1 - Extraction | H5: Sprint 1 | I5: Platform | J5: Highest | K5: legal-workflow-service | L5: foundation | M5: upstream-main exists on origin; a non-fast-forward push to it is rejected. | N5: Branch upstream-main from upstream/main and push it. Nothing is ever committed to this branch - it exists only as a clean merge base. Protect it to allow fast-forward pushes only, so it cannot drift.
A6: 2005 | B6: 2002 | C6: Sub-task | D6: Configure branch protection and merge rules on main | E6: Done | F6: branch protection set in GitHub settings (plan 4.5) | G6: Phase 1 - Extraction | H6: Sprint 1 | I6: Platform | J6: High | K6: legal-workflow-service | L6: foundation | M6: Direct push to main is rejected; a PR with red CI cannot merge. | N6: Protect main: require a PR, require status checks to pass, require branches up to date before merging, no force push, auto-delete merged branches. Solo development still benefits - this is what makes CI actually gate anything.
A7: 2006 | B7: 2002 | C7: Sub-task | D7: Add fork-specific rules to AGENTS.md | E7: Done | F7: fork rules present in AGENTS.md | G7: Phase 1 - Extraction | H7: Sprint 1 | I7: Platform | J7: High | K7: legal-workflow-service | L7: foundation | M7: AGENTS.md states all four rules; both the developer and Claude Code are bound by them from the first commit. | N7: The repo already carries a strong AGENTS.md. Add a section at the top covering the four constraints specific to this fork: the HTTP-only service boundary to Juralio, the user-visible-only rename rule with its do-not-touch list, the additive-changes-in-new-files merge rule, and the rule that LICENSE is never deleted or altered.
A8: 2007 | B8: 2001 | C8: Story | D8: Establish and prove the upstream merge routine | E8: In progress | F8: Rolled up from 2 children: 1 done, 1 to do. | G8: Phase 1 - Extraction | H8: Sprint 1 | I8: Platform | J8: High | K8: legal-workflow-service | L8: foundation | M8: A documented three-command sync exists and has been run end to end at least once. | N8: Upstream merged 581 commits in roughly four months. A sync routine that is documented and exercised once now is far cheaper than one improvised in six months against a large diff.
A9: 2008 | B9: 2007 | C9: Sub-task | D9: Document and script the upstream sync | E9: Done | F9: docs/upstream-sync.md | G9: Phase 1 - Extraction | H9: Sprint 1 | I9: Platform | J9: High | K9: legal-workflow-service | L9: foundation | M9: docs/upstream-sync.md exists; the routine is reproducible from it alone. | N9: fetch upstream, fast-forward upstream-main, merge upstream-main into main, resolve, test, push. Note the .gitattributes convention already in the repo: package-lock.json is merged as binary deliberately, so conflicts surface explicitly - resolve by taking main's copy and regenerating.
A10: 2009 | B10: 2007 | C10: Sub-task | D10: Run a first upstream merge as a dry run | E10: To do | F10: Never performed in this fork; the "upstream" merges in history are inherited. Value decays as the fork diverges. | G10: Phase 1 - Extraction | H10: Sprint 1 | I10: Platform | J10: Medium | K10: legal-workflow-service | L10: foundation | M10: Merge completes; full backend and frontend suites green afterwards. | N10: Execute the routine before any local divergence exists, so the mechanics are proven while a conflict is impossible. Records a baseline merge commit.
A11: 2010 | C11: Epic | D11: Unblock the build | E11: In progress | F11: Rolled up from 2 children: 1 done, 1 to do. | G11: Phase 1 - Extraction | H11: Sprint 1 | I11: Backend | J11: Highest | K11: legal-workflow-service | L11: blocker | M11: npm ci completes on a filtered network; all 117 backend test files run, not 80. | N11: Two inherited dependencies stop the project dead on a restricted network. Neither is a code defect, both must be cleared before any CI work can be validated. Verified in review: npm ci fails with a 403 today.
A12: 2011 | B12: 2010 | C12: Story | D12: Remove the SheetJS CDN dependency | E12: Done | F12: Rolled up from 2 children: 1 done, 1 won't do. | G12: Phase 1 - Extraction | H12: Sprint 1 | I12: Backend | J12: Highest | K12: legal-workflow-service | L12: blocker | M12: npm ci --prefix backend succeeds behind an egress filter; spreadsheet parsing behaviour is unchanged. | N12: backend/package.json pins xlsx to https://cdn.sheetjs.com/xlsx-0.20.3/xlsx-0.20.3.tgz - a direct vendor tarball, not a registry package. Any proxy or air-gapped runner fails npm ci outright, and Dependabot cannot see it. Only backend/src/lib/spreadsheet.ts imports it.
A13: 2012 | B13: 2011 | C13: Sub-task | D13: Replace xlsx with exceljs in spreadsheet.ts | E13: Won't do | F13: From the delivery plan row that cites it. | G13: Phase 1 - Extraction | H13: Sprint 1 | I13: Backend | J13: Highest | K13: legal-workflow-service | L13: blocker | M13: Existing spreadsheet tests pass unchanged; a sample .xlsx, .xlsm and legacy .xls each produce identical output to the previous implementation. | N13: exceljs is already a frontend dependency, so it is a known quantity. Preserve the current output contract exactly: a cell-addressed markdown table per sheet, using the Excel-formatted display string (cell.w equivalent) so dates and currency reach the model as a human sees them, with cached formula results rather than formulas.
A14: 2013 | B14: 2011 | C14: Sub-task | D14: Verify a clean install and the full backend suite | E14: Done | F14: From the delivery plan row that cites it. | G14: Phase 1 - Extraction | H14: Sprint 1 | I14: Backend | J14: Highest | K14: legal-workflow-service | L14: blocker | M14: npm ci, npm run build and npm test all pass; test file count is 117, not 80. | N14: Confirm the fix on a network that blocks non-registry hosts. Before this ticket, 31 of 117 backend test files cannot be exercised at all.
A15: 2014 | B15: 2010 | C15: Story | D15: Take ownership of the workflow catalogue | E15: To do | F15: Rolled up from 2 children: 2 to do. | G15: Phase 1 - Extraction | H15: Sprint 1 | I15: Backend | J15: High | K15: legal-workflow-service | L15: blocker | M15: The catalogue syncs from a repository you control; upstream renaming or privatising theirs has no effect. | N15: System assistant and tabular-review workflows are not in this tree. A sync job downloads them at runtime from Open-Legal-Products/mike-workflows, and five defaults are hardcoded by key in backend/src/lib/workflowCatalogSource.ts. Product content is therefore controlled by a third party.
A16: 2015 | B16: 2014 | C16: Sub-task | D16: Fork mike-workflows and repoint the sync | E16: To do | F16: Inherited from parent 2014 (to do). | G16: Phase 1 - Extraction | H16: Sprint 1 | I16: Backend | J16: High | K16: legal-workflow-service | L16: blocker | M16: Sync job pulls from the fork; workflows appear in the app; the catalogue repo licence is recorded. | N16: Fork the catalogue repository and set MIKE_WORKFLOWS_REPOSITORY to the fork. Check the catalogue repo's own licence first - it is a separate repository and may not be AGPL. The ingestion code is already hardened with size caps, path validation and timeouts, so this is configuration, not a rewrite.
A17: 2016 | B17: 2014 | C17: Sub-task | D17: Verify catalogue sync end to end | E17: To do | F17: Inherited from parent 2014 (to do). | G17: Phase 1 - Extraction | H17: Sprint 1 | I17: Backend | J17: Medium | K17: legal-workflow-service | L17: blocker | M17: Fresh database reaches a populated workflow catalogue with no manual steps. | N17: Run the sync job against an empty database and confirm the five defaults install, quick actions resolve, and add-ons appear in the catalogue.
A18: 2017 | C18: Epic | D18: CI/CD adaptation | E18: In progress | F18: Rolled up from 2 children: 1 done, 1 in progress. | G18: Phase 1 - Extraction | H18: Sprint 2 | I18: Platform | J18: Highest | K18: legal-workflow-service | L18: ci | M18: CI green on every PR; the security suites are required checks; no workflow fails for reasons unrelated to the code. | N18: Nine of the eleven inherited workflows carry over, one must be deleted because it cannot work on a private repo, and one is optional. The inherited suite is unusually strong - mutation testing, a real-Supabase security suite and a schema drift check - and is worth preserving intact.
A19: 2018 | B19: 2017 | C19: Story | D19: Port the inherited workflows to the private repo | E19: In progress | F19: Rolled up from 5 children: 3 done, 1 in progress, 1 won't do. | G19: Phase 1 - Extraction | H19: Sprint 2 | I19: Platform | J19: Highest | K19: legal-workflow-service | L19: ci | M19: Every retained workflow runs green; deleted and disabled ones are documented with the reason. | N19: Adapt the eleven workflows to the new repo topology and plan constraints.
A20: 2019 | B20: 2018 | C20: Sub-task | D20: Delete scorecard.yml and retarget branch filters | E20: Done | F20: scorecard.yml absent from .github/workflows/ | G20: Phase 1 - Extraction | H20: Sprint 2 | I20: Platform | J20: High | K20: legal-workflow-service | L20: ci | M20: scorecard.yml removed with the reason in the commit message; e2e branch filter verified correct. | N20: scorecard.yml sets publish_results: true against the OpenSSF public API, which only accepts public repositories - it cannot work here. Separately, e2e.yml already filters on [main, upstream-main], which matches the topology from the foundation epic; confirm rather than change.
A21: 2020 | B21: 2018 | C21: Sub-task | D21: Configure Actions secrets and verify the e2e run | E21: In progress | F21: e2e green, but ANTHROPIC_API_KEY is unset so 4 LLM specs — including critical-path "ask a question" — skip every run. Established from the job env block. | G21: Phase 1 - Extraction | H21: Sprint 2 | I21: Platform | J21: High | K21: legal-workflow-service | L21: ci | M21: e2e workflow completes green on a pull request. | N21: Create ANTHROPIC_API_KEY (spend-capped, CI-scoped) for e2e.yml and LOADTEST_AUTH_TOKEN if the k6 job is retained. The e2e workflow boots Supabase, RustFS and Playwright on the runner, so this is the longest feedback loop to prove.
A22: 2021 | B22: 2018 | C22: Sub-task | D22: Enable Dependabot and confirm the advisory gate | E22: Done | F22: .github/dependabot.yml | G22: Phase 1 - Extraction | H22: Sprint 2 | I22: Platform | J22: Medium | K22: legal-workflow-service | L22: ci | M22: Dependabot opens a PR against a seeded outdated dependency; security.yml fails the build on a known advisory. | N22: .github/dependabot.yml already ships. On a private repo, Dependabot alerts and security updates must be enabled explicitly under Settings > Advanced Security. It pairs with security.yml, which fails the build on a high or critical advisory.
A23: 2022 | B23: 2018 | C23: Sub-task | D23: Confirm CodeQL availability on the account plan | E23: Done | F23: .github/workflows/codeql.yml | G23: Phase 1 - Extraction | H23: Sprint 2 | I23: Platform | J23: Medium | K23: legal-workflow-service | L23: ci | M23: codeql.yml either runs green or is disabled with a documented decision. | N23: CodeQL on private repositories requires GitHub Advanced Security on some plans. Establish whether it runs; if not, record the gap and decide whether to buy the capability or accept the loss.
A24: 2023 | B24: 2018 | C24: Sub-task | D24: Disable the Word add-in workflow while the add-in is deferred | E24: Won't do | F24: Plan "Ticket disposition": obsolete — the add-in is not deferred. | G24: Phase 1 - Extraction | H24: Sprint 2 | I24: Platform | J24: Low | K24: legal-workflow-service | L24: ci | M24: Workflow disabled with a comment naming the sprint it should return in. | N24: word-addin.yml runs Playwright against chromium and webkit. The add-in stays in the repo but is out of scope for these 24 weeks, so the job is noise. Disable rather than delete - it is re-enabled when the add-in is picked up.
A25: 2024 | B25: 2017 | C25: Story | D25: Make the security suites required checks | E25: Done | F25: Rolled up from 2 children: 2 done. | G25: Phase 1 - Extraction | H25: Sprint 2 | I25: Platform | J25: Highest | K25: legal-workflow-service | L25: ci,security | M25: A PR cannot merge with any of them red. | N25: These are the gates that catch real damage on a service-role architecture. Protecting the branch without them is theatre.
A26: 2025 | B26: 2024 | C26: Sub-task | D26: Require stack-tests, schema-drift, gitleaks and CI | E26: Done | F26: From the delivery plan row that cites it. | G26: Phase 1 - Extraction | H26: Sprint 2 | I26: Platform | J26: Highest | K26: legal-workflow-service | L26: ci,security | M26: All four are required status checks on main; each has run green at least once. | N26: stack-tests boots a real Supabase and asserts the deny-all RLS firewall holds for anon and authenticated clients - the only backstop for an architecture where the backend runs as service role. schema-drift compares a fresh database against an upgraded one. gitleaks scans full history.
A27: 2026 | B27: 2024 | C27: Sub-task | D27: Keep mutation testing running against the security libs | E27: Done | F27: Inherited from parent 2024 (done). | G27: Phase 1 - Extraction | H27: Sprint 2 | I27: Platform | J27: Medium | K27: legal-workflow-service | L27: ci,security | M27: Mutation workflow runs and its report is retrievable; the scoped file list is unchanged. | N27: Stryker is scoped to access.ts, downloadTokens.ts and chat/citations.ts - the places where a hollow test is dangerous. It runs monthly as a drift check and does not gate merges upstream; keep that posture.
A28: 2027 | C28: Epic | D28: Debranding | E28: Done | F28: Rolled up from 2 children: 2 done. | G28: Phase 1 - Extraction | H28: Sprint 2 | I28: Platform | J28: High | K28: legal-workflow-service | L28: branding | M28: No upstream trademark appears in any user-visible surface; database, env var and module names are unchanged; all suites green. | N28: Strip the upstream trademark from user-visible surfaces while leaving internal identifiers alone. About 260 files mention the name; only a few dozen are user-visible. Renaming database objects, environment variables or the API client buys nothing and guarantees conflicts on every upstream merge.
A29: 2028 | B29: 2027 | C29: Story | D29: Replace user-visible branding in the web app | E29: Done | F29: Rolled up from 5 children: 5 done. | G29: Phase 1 - Extraction | H29: Sprint 2 | I29: Frontend | J29: High | K29: legal-workflow-service | L29: branding | M29: Wordmark, metadata, MFA issuer and user-facing copy all carry the new brand; frontend build and 980 tests green. | N29: Work file by file from the identified list. Do NOT run a repo-wide find-and-replace: it will hit comments, test fixtures, table names and the API client, and unpicking it costs more than doing it properly.
A30: 2029 | B30: 2028 | C30: Sub-task | D30: Replace the wordmark and application metadata | E30: Done | F30: Debranding; npm run trademarks sweeps user-visible surfaces and passes in CI. | G30: Phase 1 - Extraction | H30: Sprint 2 | I30: Frontend | J30: High | K30: legal-workflow-service | L30: branding | M30: Wordmark and OG metadata show the new brand; a shared link preview renders correctly. | N30: frontend/src/app/components/site-logo.tsx carries the wordmark. frontend/src/app/layout.tsx carries the Open Graph siteName and image alt text. Both are rendered to users and to link previews.
A31: 2030 | B31: 2028 | C31: Sub-task | D31: Change the MFA issuer name | E31: Done | F31: MFA issuer name changed; covered by the rebrand checklist (2036). | G31: Phase 1 - Extraction | H31: Sprint 2 | I31: Frontend | J31: High | K31: legal-workflow-service | L31: branding | M31: A newly enrolled TOTP factor shows the new brand in the authenticator app. | N31: settings/security/page.tsx passes the brand to enrollMfa, which becomes the account label inside users' authenticator apps. Changing it after users enrol is disruptive, so it must be right before the first real account exists.
A32: 2031 | B32: 2028 | C32: Sub-task | D32: Update user-facing copy across settings and modals | E32: Done | F32: User-facing copy; covered by the trademark sweep and rebrand checklist. | G32: Phase 1 - Extraction | H32: Sprint 2 | I32: Frontend | J32: Medium | K32: legal-workflow-service | L32: branding | M32: No user-visible string names the upstream product; copy reads naturally with the new name. | N32: settings/personalisation, tabular/AddColumnModal, workflows/WFEditColumnModal, shared/AddUserInput and assistant error text all name the assistant in copy shown to users.
A33: 2032 | B33: 2028 | C33: Sub-task | D33: Replace icon components and image assets | E33: Done | F33: From the delivery plan row that cites it. | G33: Phase 1 - Extraction | H33: Sprint 2 | I33: Frontend | J33: Medium | K33: legal-workflow-service | L33: branding | M33: New mark renders in the app and add-in; upstream screenshots deleted from docs/assets. | N33: MikeIconUI.tsx in shared/ui, chat/mike-icon.tsx, and the marketing images under docs/assets. Keep the component filenames if you are tracking upstream - only the rendered artwork needs to change.
A34: 2033 | B34: 2028 | C34: Sub-task | D34: Update Word add-in surfaces | E34: Done | F34: completed this session | G34: Phase 1 - Extraction | H34: Sprint 2 | I34: Word Add-in | J34: Low | K34: legal-workflow-service | L34: branding | M34: Add-in task pane shows the new brand; typecheck passes. | N34: word-addin WordAddinLogo.tsx is the branded lockup; EditCard.tsx and useWordDoc.ts carry user-facing strings naming the assistant. In scope even though the add-in is not shipped, so the brand is consistent when it is picked up.
A35: 2034 | B35: 2027 | C35: Story | D35: Fix the rename boundary in writing | E35: Done | F35: Rolled up from 2 children: 2 done. | G35: Phase 1 - Extraction | H35: Sprint 2 | I35: Platform | J35: High | K35: legal-workflow-service | L35: branding | M35: The do-not-rename list is in AGENTS.md and has survived one upstream merge. | N35: Without a written rule, the next rename will reach into the database and the merge cost becomes permanent.
A36: 2035 | B36: 2034 | C36: Sub-task | D36: Record the do-not-rename identifiers | E36: Done | F36: do-not-rename table in AGENTS.md fork rule 2 | G36: Phase 1 - Extraction | H36: Sprint 2 | I36: Platform | J36: High | K36: legal-workflow-service | L36: branding | M36: AGENTS.md lists all four with the reasoning; a reviewer can apply the rule without asking. | N36: Four categories stay as they are: the mike_workflows and mike_workflow_assets tables with their 11 indexes and constraints; the MIKE_WORKFLOWS_REPOSITORY, _REF and _TOKEN environment variables; mikeApi.ts, which is 2,837 lines imported across the frontend; and the private package names. Each is invisible to users and expensive to change.
A37: 2036 | B37: 2034 | C37: Sub-task | D37: Verify the rebrand against a full build and suite | E37: Done | F37: completed this session | G37: Phase 1 - Extraction | H37: Sprint 2 | I37: Platform | J37: High | K37: legal-workflow-service | L37: branding | M37: frontend build, 141 test files, backend suite and lint all green; manual pass over every rebranded screen. | N37: A find-and-replace error in this area typically surfaces as a broken import or a failed snapshot rather than a visible bug.
A38: 2037 | C38: Epic | D38: Infrastructure foundation | E38: In progress | F38: Rolled up from 3 children: 1 done, 1 in progress, 1 superseded. | G38: Phase 2 - Infrastructure | H38: Sprint 3 | I38: Infrastructure | J38: Highest | K38: legal-workflow-service | L38: infra | M38: Staging and production both provisioned; schema loaded and drift-checked; secrets generated per environment. | N38: Provision the managed services the platform needs, as code where possible, with staging and production separated from the start. This is client-confidential legal material, so the two environments never share a database, a bucket or a secret.
A39: 2038 | B39: 2037 | C39: Story | D39: Provision Supabase and load the schema | E39: Superseded | F39: Rolled up from 3 children: 3 superseded. | G39: Phase 2 - Infrastructure | H39: Sprint 3 | I39: Infrastructure | J39: Highest | K39: legal-workflow-service | L39: infra | M39: Both environments reach an identical schema; the drift check passes fresh against upgraded. | N39: backend/schema.sql is the complete fresh-install schema at 4,906 lines covering 50 tables; backend/migrations/ holds 85 dated incremental files. A fresh install loads the schema; an existing deployment applies only migrations newer than its recorded version, in filename order.
A40: 2039 | B40: 2038 | C40: Sub-task | D40: Create staging and production Supabase projects | E40: Superseded | F40: Plan disposition made this production-only; Stage 5 removes the Supabase project entirely. | G40: Phase 2 - Infrastructure | H40: Sprint 3 | I40: Infrastructure | J40: Highest | K40: legal-workflow-service | L40: infra | M40: Two projects exist with no shared credentials; access is documented. | N40: Separate projects, separate credentials, separate regions if data residency requires it. Never point staging at production data.
A41: 2040 | B41: 2038 | C41: Sub-task | D41: Load the schema and verify RLS is deny-all | E41: Superseded | F41: Deny-all verified by grants, not RLS policies — schema.sql has none. Carried into Stage 5 with the schema. | G41: Phase 2 - Infrastructure | H41: Sprint 3 | I41: Infrastructure | J41: Highest | K41: legal-workflow-service | L41: infra,security | M41: An anon client and a signed-in user client both return zero rows from every table; the service role reads normally. | N41: RLS is enabled on 30 tables and defined with zero policies - deliberately deny-all, so a leaked publishable key reaches nothing. Confirm this holds on the real projects, not just in CI.
A42: 2041 | B42: 2038 | C42: Sub-task | D42: Configure auth: providers, email delivery and MFA | E42: Superseded | F42: Auth provider, email and MFA configuration move to GoTrue: tickets 2116-2119. | G42: Phase 2 - Infrastructure | H42: Sprint 3 | I42: Infrastructure | J42: High | K42: legal-workflow-service | L42: infra | M42: Signup, password reset and MFA enrolment all complete against staging. | N42: Auth flows need working email before anyone can be onboarded. Configure the mailer, the redirect URLs, Google OAuth if wanted, and confirm the MFA enrolment path end to end.
A43: 2042 | B43: 2037 | C43: Story | D43: Provision object storage | E43: In progress | F43: Rolled up from 2 children: 1 done, 1 in progress. | G43: Phase 2 - Infrastructure | H43: Sprint 3 | I43: Infrastructure | J43: Highest | K43: legal-workflow-service | L43: infra | M43: Documents upload, convert, download and delete correctly in staging. | N43: S3-compatible storage holds every uploaded document. Direct browser uploads use presigned URLs, so CORS must be right or uploads fail in a way that looks like an application bug.
A44: 2043 | B44: 2042 | C44: Sub-task | D44: Create buckets and apply the CORS policy | E44: Done | F44: From the delivery plan row that cites it. | G44: Phase 2 - Infrastructure | H44: Sprint 3 | I44: Infrastructure | J44: Highest | K44: legal-workflow-service | L44: infra | M44: A direct browser upload to staging succeeds from the application origin and is refused from another origin. | N44: docker/storage-cors.json is the template shipped for the local stack; apply its equivalent to the real bucket. Separate buckets per environment.
A45: 2044 | B45: 2042 | C45: Sub-task | D45: Verify the signed-URL round trip | E45: In progress | F45: Code half done and tested (storageRegion.ts). Live check needs the deployed stack. | G45: Phase 2 - Infrastructure | H45: Sprint 3 | I45: Infrastructure | J45: High | K45: legal-workflow-service | L45: infra,security | M45: Upload, signed download and manifest verification all succeed; a tampered token is rejected. | N45: Upload signing, download tokens and the tamper-evident export manifest all depend on correct storage configuration. Download tokens are HMAC-SHA256 with timing-safe comparison; each signed URL authorises only its own object key.
A46: 2045 | B46: 2037 | C46: Story | D46: Secrets and configuration management | E46: Done | F46: Rolled up from 2 children: 2 done. | G46: Phase 2 - Infrastructure | H46: Sprint 3 | I46: Infrastructure | J46: Highest | K46: legal-workflow-service | L46: infra,security | M46: Every environment has distinct high-entropy secrets held in a secret store, not in a repo or a shell history. | N46: Four secrets must be generated per environment and never reused between them or derived from the Supabase key.
A47: 2046 | B47: 2045 | C47: Sub-task | D47: Generate per-environment secrets | E47: Done | F47: From the delivery plan row that cites it. | G47: Phase 2 - Infrastructure | H47: Sprint 3 | I47: Infrastructure | J47: Highest | K47: legal-workflow-service | L47: infra,security | M47: Four distinct secrets per environment, stored in the platform secret manager; none appears in the repo. | N47: openssl rand -hex 32 for each of DOWNLOAD_SIGNING_SECRET (HMAC for /download/:token), USER_API_KEYS_ENCRYPTION_SECRET (AES-256-GCM for stored per-user provider keys), AUTH_HANDOFF_ENCRYPTION_SECRET (only if the Word add-in is deployed) and MANIFEST_SIGNING_KEY (export signing).
A48: 2047 | B48: 2045 | C48: Sub-task | D48: Wire configuration into the deploy target | E48: Done | F48: From the delivery plan row that cites it. | G48: Phase 2 - Infrastructure | H48: Sprint 3 | I48: Infrastructure | J48: Highest | K48: legal-workflow-service | L48: infra,security | M48: Both services start from injected configuration with no local .env; a grep proves no secret is under a NEXT_PUBLIC_ name. | N48: Backend reads roughly 50 environment variables. The frontend needs only three: API_BASE_URL, NODE_ENV and one feature flag. Keep every backend secret out of NEXT_PUBLIC_* - that prefix ships to the browser.
A49: 2048 | C49: Epic | D49: Deployment pipeline | E49: In progress | F49: Rolled up from 2 children: 1 done, 1 in progress. | G49: Phase 2 - Infrastructure | H49: Sprint 3 | I49: Infrastructure | J49: Highest | K49: legal-workflow-service | L49: infra,ci | M49: A tagged commit reaches staging automatically; rollback is tested; migrations never race. | N49: Get the service running in staging with a safe, repeatable deploy path. The backend is a standalone Express service with its own Dockerfile and entrypoint, so this is conventional container work with one wrinkle: it needs LibreOffice on the path.
A50: 2049 | B50: 2048 | C50: Story | D50: Containerise and deploy the backend | E50: In progress | F50: Rolled up from 3 children: 2 done, 1 in progress. | G50: Phase 2 - Infrastructure | H50: Sprint 3 | I50: Infrastructure | J50: Highest | K50: legal-workflow-service | L50: infra | M50: Image builds, scans clean and runs in staging with document conversion working. | N50: backend/Dockerfile exists. backend/railpack.json declares the extra system packages needed - libreoffice and fonts-liberation - which must be replicated on whatever host is chosen, or DOC/DOCX to PDF conversion fails at runtime rather than at build time.
A51: 2050 | B51: 2049 | C51: Sub-task | D51: Build and scan the backend image | E51: Done | F51: From the delivery plan row that cites it. | G51: Phase 2 - Infrastructure | H51: Sprint 3 | I51: Infrastructure | J51: Highest | K51: legal-workflow-service | L51: infra | M51: Image builds in CI, scan is green, a DOCX converts to PDF inside the running container. | N51: Include LibreOffice and fonts-liberation. Add an image vulnerability scan to the pipeline and fail on high or critical findings, consistent with the existing npm advisory gate.
A52: 2051 | B52: 2049 | C52: Sub-task | D52: Deploy to staging with migrate-then-start ordering | E52: Done | F52: From the delivery plan row that cites it. | G52: Phase 2 - Infrastructure | H52: Sprint 3 | I52: Infrastructure | J52: Highest | K52: legal-workflow-service | L52: infra | M52: A deploy from a clean state applies migrations exactly once and starts healthy. | N52: Migrations must complete before the new backend version starts, and must not run concurrently from multiple instances. Deploy order is migrate, then backend, then frontend if it is deployed at all.
A53: 2052 | B53: 2049 | C53: Sub-task | D53: Add health checks, rollback and deploy gating | E53: In progress | F53: rollback.yml exists; test-by-rolling-back needs a working deployment. | G53: Phase 2 - Infrastructure | H53: Sprint 3 | I53: Infrastructure | J53: High | K53: legal-workflow-service | L53: infra | M53: A deliberately broken deploy is caught by the health check and rolled back without manual intervention. | N53: The service exposes GET /health. Wire it to the platform health check, prove a rollback to the previous image, and gate the deploy on CI being green for that commit.
A54: 2053 | B54: 2048 | C54: Story | D54: Decide the disposition of the inherited frontend | E54: Done | F54: Rolled up from 1 child: 1 done. | G54: Phase 2 - Infrastructure | H54: Sprint 3 | I54: Frontend | J54: Medium | K54: legal-workflow-service | L54: infra | M54: Met. The decision is recorded in docs/delivery-plan/v2/architecture.md decision 2, and the e2e suite still runs. | N54: DECIDED 2026-09-10: keep and complete - this frontend IS the product. That reverses the premise this ticket was written on (below), which assumed Juralio was the customer-facing product. See docs/delivery-plan/v2/architecture.md decision 2. Original text: Mike's Next.js app is not the customer-facing product - Juralio is. But mikeApi.ts is a 2,837-line typed client that documents the API contract, and the Playwright e2e suite drives the real flows through it. Keeping it in the repo is free; deploying it is a decision.
A55: 2054 | B55: 2053 | C55: Sub-task | D55: Deploy as an internal admin surface, or retire it | E55: Done | F55: From the delivery plan row that cites it. | G55: Phase 2 - Infrastructure | H55: Sprint 3 | I55: Frontend | J55: Medium | K55: legal-workflow-service | L55: infra | M55: Superseded by v2 plan stages 1 and 4, which deploy this frontend as the product. | N55: DECIDED 2026-09-10: neither. Not an internal admin surface and not retired - it ships as the product's own public UI, deployed on the infrastructure in docs/delivery-plan/v2/architecture.md. Delivery is the v2 plan's stages 1 and 4, not this ticket. Original text: Recommended: deploy behind authentication as an internal operations and support console. It gives you a working UI for every backend capability at no build cost. If retired instead, the e2e suite needs a CI-only build target so it keeps running.
A56: 2055 | C56: Epic | D56: Security remediation | E56: Done | F56: Rolled up from 3 children: 3 done. | G56: Phase 2 - Infrastructure | H56: Sprint 4 | I56: Backend | J56: Highest | K56: legal-workflow-service | L56: security | M56: Audit trail answers who could see what and since when; no route reaches data without an access check; production limits configured. | N56: The findings from the repository assessment that must be closed before any environment holds real client documents. The codebase starts strong - AES-256-GCM key storage, timing-safe token comparison, a thorough SSRF blocklist, helmet, twelve rate limiters - so this is closing specific gaps, not a rebuild.
A57: 2056 | B57: 2055 | C57: Story | D57: Close the audit trail gaps | E57: Done | F57: Rolled up from 2 children: 2 done. | G57: Phase 2 - Infrastructure | H57: Sprint 4 | I57: Backend | J57: Highest | K57: legal-workflow-service | L57: security | M57: Share grants, revocations and authentication events all appear in the audit trail and in the export. | N57: Eighteen actions are audited today, covering chat turns, document edits, uploads, exports, organisation membership and invitations. Nothing records who granted or revoked access to a project, and nothing records authentication events. For software holding privileged material, those are the two questions you will actually be asked.
A58: 2057 | B58: 2056 | C58: Sub-task | D58: Audit project share grant and revoke | E58: Done | F58: Inherited from parent 2056 (done). | G58: Phase 2 - Infrastructure | H58: Sprint 4 | I58: Backend | J58: Highest | K58: legal-workflow-service | L58: security | M58: Granting and revoking access each write an audit event naming actor, subject and role; both appear in the audit export. | N58: recordAudit in backend/src/lib/audit.ts is the insertion point. Add calls in lib/projectAccess.ts covering upsertProjectGrant, deleteProjectGrant and removeGrantsForEmail, recording actor, subject, resource and the resulting role.
A59: 2058 | B59: 2056 | C59: Sub-task | D59: Audit authentication events | E59: Done | F59: Inherited from parent 2056 (done). | G59: Phase 2 - Infrastructure | H59: Sprint 4 | I59: Backend | J59: Highest | K59: legal-workflow-service | L59: security | M59: Each event type is recorded with timestamp, actor and source; failures are distinguishable from successes. | N59: Login, logout, failed login, password reset, MFA enrolment and MFA removal. These are the events a client security questionnaire asks about by name.
A60: 2059 | B60: 2055 | C60: Story | D60: Harden the service-role authorisation boundary | E60: Done | F60: Rolled up from 2 children: 2 done. | G60: Phase 2 - Infrastructure | H60: Sprint 4 | I60: Backend | J60: Highest | K60: legal-workflow-service | L60: security | M60: Every route with a tenant-scoped resource has a test proving another tenant is denied. | N60: Because the backend runs as service role against a policy-free schema, correctness rests entirely on developers remembering to call the access helpers. A new endpoint that forgets ensureDocAccess is a cross-tenant data leak, not a permission error. There is no database backstop underneath.
A61: 2060 | B61: 2059 | C61: Sub-task | D61: Add cross-tenant denial tests for every route | E61: Done | F61: completed this session | G61: Phase 2 - Infrastructure | H61: Sprint 4 | I61: Backend | J61: Highest | K61: legal-workflow-service | L61: security,test | M61: Every tenant-scoped endpoint has a cross-tenant denial test; deliberately removing an access check turns a test red. | N61: Work the route list systematically. The pattern exists already in the integration suite; extend it so each endpoint has a case where user B requests user A's resource and receives a denial, not data.
A62: 2061 | B62: 2059 | C62: Sub-task | D62: Add a review checklist for unguarded service-role queries | E62: Done | F62: completed this session | G62: Phase 2 - Infrastructure | H62: Sprint 4 | I62: Backend | J62: High | K62: legal-workflow-service | L62: security | M62: The check exists and has been exercised against a deliberately unguarded query. | N62: A lint rule or documented PR checklist that flags a createServerSupabase query with no accompanying access-helper call in the same handler. Cheap insurance against the failure mode the architecture invites.
A63: 2062 | B63: 2055 | C63: Story | D63: Production security baseline | E63: Done | F63: Rolled up from 2 children: 2 done. | G63: Phase 2 - Infrastructure | H63: Sprint 4 | I63: Backend | J63: High | K63: legal-workflow-service | L63: security | M63: Origins, limits and data policies are set for production and documented. | N63: Configuration that is correct for local development and wrong for the internet.
A64: 2063 | B64: 2062 | C64: Sub-task | D64: Configure origins and rate limits for production | E64: Done | F64: From the delivery plan row that cites it. | G64: Phase 2 - Infrastructure | H64: Sprint 4 | I64: Backend | J64: High | K64: legal-workflow-service | L64: security | M64: CORS rejects an unknown origin; each limiter is set deliberately with the value recorded. | N64: backend/src/app.ts already carries helmet, a CORS allowlist and twelve distinct rate limiters, all tunable by environment variable. Set them for real traffic rather than accepting the development defaults, and confirm NODE_ENV=production only with HTTPS public URLs.
A65: 2064 | B65: 2062 | C65: Sub-task | D65: Document storage retention, logging and deletion behaviour | E65: Done | F65: completed this session | G65: Phase 2 - Infrastructure | H65: Sprint 4 | I65: Backend | J65: High | K65: legal-workflow-service | L65: security,compliance | M65: A written policy exists that matches the code; it is good enough to answer a client security questionnaire. | N65: What is stored, where, for how long, what is logged, and what actually happens on deletion. userDataCleanup.ts is 1,008 lines and defines the real deletion behaviour - document it rather than describing an intention.
A66: 2065 | C66: Epic | D66: Integration with the Juralio platform | E66: In progress | F66: Rolled up from 2 children: 1 done, 1 deferred. | G66: Phase 2 - Infrastructure | H66: Sprint 4 | I66: Integration | J66: Highest | K66: juralio-frontend | L66: integration | M66: Juralio calls the workflow service over HTTP for a real end-to-end flow; no code crosses the boundary in either direction. | N66: Wire the Apache-2.0 matter management platform to this service. The seam already exists and is clean: backend/ and frontend/ share no code, no npm workspace links them, and the only channel is HTTP via API_BASE_URL. Juralio becomes a second consumer of the same contract.
A67: 2066 | B67: 2065 | C67: Story | D67: Build the HTTP client seam in Juralio | E67: Deferred | F67: Rolled up from 3 children: 3 deferred. | G67: Phase 2 - Infrastructure | H67: Sprint 4 | I67: Integration | J67: Highest | K67: juralio-frontend | L67: integration | M67: Juralio reaches the workflow service through its own proxy; no credential is exposed to the browser. | N67: Mike's own BFF proxy - frontend/src/app/api/[...path]/route.ts, 78 lines - is the reference pattern: it forwards the HttpOnly cookie session upstream so no key ever reaches the browser. Write Juralio's equivalent rather than importing that one.
A68: 2067 | B68: 2066 | C68: Sub-task | D68: Write Juralio's proxy to the workflow service | E68: Deferred | F68: As 2066. | G68: Phase 2 - Infrastructure | H68: Sprint 4 | I68: Integration | J68: Highest | K68: juralio-frontend | L68: integration | M68: A request from Juralio reaches the service and streams the response back, including SSE. | N68: Forward the session, set forwarded-host and forwarded-proto, stream request and response bodies, no-store caching, manual redirect handling. Target the service base URL from configuration, never hardcoded.
A69: 2068 | B69: 2066 | C69: Sub-task | D69: Re-declare the API types on the Juralio side | E69: Deferred | F69: As 2066. | G69: Phase 2 - Infrastructure | H69: Sprint 4 | I69: Integration | J69: Highest | K69: juralio-frontend | L69: integration,compliance | M69: Juralio typechecks with no dependency on the service repo; the types match the live API. | N69: Do NOT import Mike's types. Write the interfaces Juralio needs against the eighteen route prefixes it actually consumes. A few hundred lines of interface, and it is what keeps the two works legally separate.
A70: 2069 | B70: 2066 | C70: Sub-task | D70: Map identity and sessions between the two systems | E70: Deferred | F70: As 2066. | G70: Phase 2 - Infrastructure | H70: Sprint 4 | I70: Integration | J70: Highest | K70: juralio-frontend | L70: integration,security | M70: A Juralio user's actions appear in the service audit trail attributed to them, not to a service account. | N70: Decide how a Juralio user becomes a workflow-service principal: shared identity provider, token exchange, or per-request assertion. This choice determines whether the audit trail can attribute actions to a real person.
A71: 2070 | B71: 2065 | C71: Story | D71: Enforce the boundary in CI | E71: Done | F71: Rolled up from 1 child: 1 done. | G71: Phase 2 - Infrastructure | H71: Sprint 4 | I71: Integration | J71: Highest | K71: juralio-frontend | L71: compliance,ci | M71: A build fails if either repository imports code from the other. | N71: The service boundary is the thing that keeps Juralio's Apache-2.0 licensing separate from this service's AGPL. Under AGPL section 5(c) a combination cannot be undone, so the boundary is worth defending automatically rather than by memory.
A72: 2071 | B72: 2070 | C72: Sub-task | D72: Add a CI check that fails on cross-repo imports | E72: Done | F72: completed this session | G72: Phase 2 - Infrastructure | H72: Sprint 4 | I72: Integration | J72: Highest | K72: juralio-frontend | L72: compliance,ci | M72: A deliberately added cross-repo import fails CI with a message explaining why. | N72: Fail the build on any import, submodule, package dependency or shared build step spanning the two repositories. Also flag copied files by content hash against the service repo's tree.
A73: 2072 | C73: Epic | D73: Licence compliance | E73: Done | F73: Rolled up from 2 children: 2 done. | G73: Phase 3 - Production Ready | H73: Sprint 5 | I73: Platform | J73: Highest | K73: legal-workflow-service | L73: compliance | M73: Corresponding Source is offered to users from a network server, matching the deployed commit; all notices present. | N73: The combined deployment is AGPL-3.0. Apache-2.0 absorbs cleanly because every additional term it carries falls inside AGPL section 7's permitted list. Obligations are satisfied by a footer, a link and a release step - but they must exist before the first external user, not after. Drop this entire epic if a commercial licence is obtained.
A74: 2073 | B74: 2072 | C74: Story | D74: Build the Corresponding Source publication pipeline | E74: Done | F74: Rolled up from 3 children: 3 done. | G74: Phase 3 - Production Ready | H74: Sprint 5 | I74: Platform | J74: Highest | K74: legal-workflow-service | L74: compliance,ci | M74: Every production release automatically publishes matching source; the two cannot drift. | N74: AGPL section 13 requires a prominent offer of the Corresponding Source of the version users are actually interacting with. That means it belongs in the release pipeline, not in a manual process someone remembers.
A75: 2074 | B75: 2073 | C75: Sub-task | D75: Create the public mirror repository and workflow | E75: Done | F75: From the delivery plan row that cites it. | G75: Phase 3 - Production Ready | H75: Sprint 5 | I75: Platform | J75: Highest | K75: legal-workflow-service | L75: compliance,ci | M75: A release tag results in the matching commit appearing publicly; a gitleaks scan of the mirror is clean. | N75: A public repository holding the Corresponding Source. On a release tag, push the exact deployed tree to it. Secrets live in environment configuration rather than the repo, so nothing needs redacting - but verify that before the first push.
A76: 2075 | B76: 2073 | C76: Sub-task | D76: Gate deploys on a successful mirror push | E76: Done | F76: From the delivery plan row that cites it. | G76: Phase 3 - Production Ready | H76: Sprint 5 | I76: Platform | J76: Highest | K76: legal-workflow-service | L76: compliance,ci | M76: A simulated mirror failure blocks the deploy. | N76: Ordering is tag, then mirror push, then deploy. If the mirror push fails the deploy does not proceed, so a running version always has published source behind it.
A77: 2076 | B77: 2073 | C77: Sub-task | D77: Serve the source offer from the application UI | E77: Done | F77: From the delivery plan row that cites it. | G77: Phase 3 - Production Ready | H77: Sprint 5 | I77: Platform | J77: Highest | K77: legal-workflow-service | L77: compliance | M77: The running application links to the exact source of the version being served. | N77: The offer must be prominent, from a network server, at no charge. A footer link resolving to the mirror at the running commit satisfies it. Wire the commit SHA into the build so the link is version-accurate.
A78: 2077 | B78: 2072 | C78: Story | D78: Notices and attributions | E78: Done | F78: Rolled up from 3 children: 3 done. | G78: Phase 3 - Production Ready | H78: Sprint 5 | I78: Platform | J78: Highest | K78: legal-workflow-service | L78: compliance | M78: Every notice obligation in the launch checklist is satisfied and verified. | N78: Both licences impose notice obligations that survive into the combined work. Neither is heavy; both are checkable.
A79: 2078 | B79: 2077 | C79: Sub-task | D79: Add AGPL modification and licence notices | E79: Done | F79: completed this session | G79: Phase 3 - Production Ready | H79: Sprint 5 | I79: Platform | J79: Highest | K79: legal-workflow-service | L79: compliance | M79: All four notices present and reachable from the running application; LICENSE unmodified at the repo root. | N79: Section 5(a): a prominent notice that you modified the work, with a relevant date. Section 5(b): a prominent notice that it is released under AGPL. Section 5(d): Appropriate Legal Notices in the interactive UI - copyright notice, no-warranty statement, that recipients may convey the work, and how to view the licence. The root LICENSE is never deleted or altered; section 8 terminates your rights if it is.
A80: 2079 | B80: 2077 | C80: Sub-task | D80: Satisfy the Apache-2.0 notice obligations | E80: Done | F80: completed this session | G80: Phase 3 - Production Ready | H80: Sprint 5 | I80: Platform | J80: Highest | K80: legal-workflow-service | L80: compliance | M80: Apache licence and NOTICE attributions ship with the product; no Apache header has been stripped. | N80: Section 4(a): ship a copy of the Apache License for the Juralio-derived portion. Section 4(b): retain existing copyright, patent, trademark and attribution notices, and mark files you changed. Section 4(c): reproduce any upstream NOTICE file attributions. Apache-licensed files keep their headers - it is the combination that is AGPL.
A81: 2080 | B81: 2077 | C81: Sub-task | D81: Run a trademark sweep | E81: Done | F81: completed this session | G81: Phase 3 - Production Ready | H81: Sprint 5 | I81: Platform | J81: High | K81: legal-workflow-service | L81: compliance,branding | M81: A full sweep finds no upstream trademark in any shipped surface. | N81: AGPL section 7(e) and Apache section 6 both reserve trademark rights - neither licence grants you the upstream marks. Confirm no upstream name, logo, wordmark or domain survives in any user-visible surface, including email templates, error pages and the Word add-in manifest.
A82: 2081 | C82: Epic | D82: Observability | E82: Done | F82: Rolled up from 2 children: 2 done. | G82: Phase 3 - Production Ready | H82: Sprint 5 | I82: Backend | J82: High | K82: legal-workflow-service | L82: observability | M82: Structured logs, metrics, dashboards and alerts are live; no sensitive content reaches a log. | N82: Establish what the service is doing in production. Logging must use the existing redaction helpers - this is privileged legal material, and a log line is a disclosure.
A83: 2082 | B83: 2081 | C83: Story | D83: Structured logging and error reporting | E83: Done | F83: Rolled up from 2 children: 2 done. | G83: Phase 3 - Production Ready | H83: Sprint 5 | I83: Backend | J83: High | K83: legal-workflow-service | L83: observability | M83: Every request is traceable; no document content or credential appears in any log. | N83: The codebase already separates user-facing errors from internal ones: httpError.ts keeps exception messages away from clients, and safeError.ts provides redaction helpers for logging. Build on those rather than adding a parallel path.
A84: 2083 | B84: 2082 | C84: Sub-task | D84: Add structured request logging with redaction | E84: Done | F84: completed this session | G84: Phase 3 - Production Ready | H84: Sprint 5 | I84: Backend | J84: High | K84: legal-workflow-service | L84: observability,security | M84: Logs are queryable by request id and user id; a deliberate probe confirms no sensitive field is emitted. | N84: Request id, user id, route, status, duration. Route every log through the safeError redaction helpers. Verify explicitly that document content, prompts and API keys never appear.
A85: 2084 | B85: 2082 | C85: Sub-task | D85: Wire error tracking to the redaction helpers | E85: Done | F85: completed this session | G85: Phase 3 - Production Ready | H85: Sprint 5 | I85: Backend | J85: High | K85: legal-workflow-service | L85: observability,security | M85: Errors reach the tracker with stack traces intact and sensitive values removed. | N85: An error tracker that captures raw exception payloads would defeat the existing protections. Integrate through safeError so the redaction applies before anything leaves the process.
A86: 2085 | B86: 2081 | C86: Story | D86: Metrics, dashboards and alerts | E86: Done | F86: Rolled up from 2 children: 2 done. | G86: Phase 3 - Production Ready | H86: Sprint 5 | I86: Backend | J86: High | K86: legal-workflow-service | L86: observability | M86: A dashboard shows service health at a glance; alerts fire on the silent failure paths. | N86: The paths that fail quietly are the queue workers, the model provider calls and the conversion pipeline - all asynchronous, none visible to a user until something is missing.
A87: 2086 | B87: 2085 | C87: Sub-task | D87: Instrument service and queue metrics | E87: Done | F87: completed this session | G87: Phase 3 - Production Ready | H87: Sprint 5 | I87: Backend | J87: High | K87: legal-workflow-service | L87: observability | M87: Metrics are collected and charted for all three areas. | N87: Request rate, latency and error rate per route; queue depth, job duration and failure rate for conversion, extraction and export jobs; model provider latency, error and token consumption.
A88: 2087 | B88: 2085 | C88: Sub-task | D88: Alert on the silent failure paths | E88: Done | F88: completed this session | G88: Phase 3 - Production Ready | H88: Sprint 5 | I88: Backend | J88: High | K88: legal-workflow-service | L88: observability | M88: Each alert has fired at least once in a drill and resolved to a runbook. | N88: Queue backlog growth, repeated job failures, model provider errors, storage failures and migration failures. Each alert names the runbook that resolves it.
A89: 2088 | C89: Epic | D89: Backend test safety net | E89: Done | F89: Rolled up from 1 child: 1 done. | G89: Phase 3 - Production Ready | H89: Sprint 5 | I89: Backend | J89: Medium | K89: legal-workflow-service | L89: test | M89: The largest untested surfaces have characterisation tests and the coverage floors have been raised. | N89: Coverage is gated at 52 percent statements on backend/src/lib, and the largest, most complex files sit inside that gap. The convention in the repo is a ratchet - floors only go up - so raise them as tests land.
A90: 2089 | B90: 2088 | C90: Story | D90: Cover the largest untested surfaces | E90: Done | F90: Rolled up from 3 children: 3 done. | G90: Phase 3 - Production Ready | H90: Sprint 5 | I90: Backend | J90: Medium | K90: legal-workflow-service | L90: test | M90: Each named file has route or unit tests covering its main paths; the ratchet floors are raised in the same change. | N90: Prioritise by size and blast radius rather than chasing a percentage: tabular.ts at 2,650 lines, user.ts at 2,192, documentOps.ts at 2,013 and toolDispatcher.ts at 1,998.
A91: 2090 | B91: 2089 | C91: Sub-task | D91: Route integration tests for tabular.ts and user.ts | E91: Done | F91: completed this session | G91: Phase 3 - Production Ready | H91: Sprint 5 | I91: Backend | J91: Medium | K91: legal-workflow-service | L91: test | M91: Both files have route integration coverage; a deliberate regression in each is caught. | N91: The two largest route files. Cover the main success paths, the authorisation boundaries and the error handling, following the existing integration test patterns.
A92: 2091 | B92: 2089 | C92: Sub-task | D92: Characterisation tests for the chat tool layer | E92: Done | F92: completed this session | G92: Phase 3 - Production Ready | H92: Sprint 5 | I92: Backend | J92: Medium | K92: legal-workflow-service | L92: test | M92: Tool dispatch and document operations have tests describing actual current behaviour. | N92: toolDispatcher.ts routes thirteen assistant tools and documentOps.ts implements the document operations. Characterise current behaviour before changing anything in this area.
A93: 2092 | B93: 2089 | C93: Sub-task | D93: Raise the coverage ratchet floors | E93: Done | F93: completed this session | G93: Phase 3 - Production Ready | H93: Sprint 5 | I93: Backend | J93: Medium | K93: legal-workflow-service | L93: test | M93: New floors committed and CI fails on a drop below them. | N93: Update the thresholds in backend/vitest.config.mts to the newly measured values, rounded down, in the same change as the tests. The repo convention is explicit that floors only move up.
A94: 2093 | C94: Epic | D94: Operational readiness | E94: In progress | F94: Rolled up from 2 children: 2 in progress. | G94: Phase 3 - Production Ready | H94: Sprint 6 | I94: Infrastructure | J94: High | K94: legal-workflow-service | L94: ops | M94: Backups restore, runbooks exist, and the service has been load tested. | N94: Everything required to run this as a service holding confidential legal material, rather than as an application that happens to be deployed.
A95: 2094 | B95: 2093 | C95: Story | D95: Backup, restore and disaster recovery | E95: In progress | F95: Rolled up from 2 children: 1 done, 1 in progress. | G95: Phase 3 - Production Ready | H95: Sprint 6 | I95: Infrastructure | J95: Highest | K95: legal-workflow-service | L95: ops | M95: A full restore has been performed into a clean environment and verified. | N95: An untested backup is not a backup. For legal client data the restore path is the thing that matters, and it is worth proving before you need it.
A96: 2095 | B96: 2094 | C96: Sub-task | D96: Configure automated backups and prove a restore | E96: In progress | F96: From the delivery plan row that cites it. | G96: Phase 3 - Production Ready | H96: Sprint 6 | I96: Infrastructure | J96: Highest | K96: legal-workflow-service | L96: ops | M96: A restore drill completes with the application fully functional against the restored data. | N96: Database and object storage both. Perform an actual restore into a clean environment and confirm documents, chats and reviews all come back intact and readable.
A97: 2096 | B97: 2094 | C97: Sub-task | D97: Write runbooks for the common failure modes | E97: Done | F97: From the delivery plan row that cites it. | G97: Phase 3 - Production Ready | H97: Sprint 6 | I97: Infrastructure | J97: High | K97: legal-workflow-service | L97: ops | M97: Every alert resolves to a runbook a person can follow without prior context. | N97: Queue backlog, model provider outage, storage failure, failed migration, certificate expiry, and the restore procedure. Each alert from the observability epic points at one of these.
A98: 2097 | B98: 2093 | C98: Story | D98: Performance and resilience | E98: In progress | F98: Rolled up from 2 children: 1 in progress, 1 to do. | G98: Phase 3 - Production Ready | H98: Sprint 6 | I98: Backend | J98: Medium | K98: legal-workflow-service | L98: performance | M98: Load testing is complete and what it surfaced has been addressed. | N98: The repository ships a k6 SSE load scenario because streaming is where this class of application falls over first.
A99: 2098 | B99: 2097 | C99: Sub-task | D99: Run the k6 SSE load scenario against staging | E99: In progress | F99: As 2097. | G99: Phase 3 - Production Ready | H99: Sprint 6 | I99: Backend | J99: Medium | K99: legal-workflow-service | L99: performance | M99: A load report exists with latency and error rate at the target concurrency. | N99: loadtest.yml already defines the scenario. Run it against real infrastructure rather than a laptop, with concurrent streaming chats plus tabular generation.
A100: 2099 | B100: 2097 | C100: Sub-task | D100: Address what the load test surfaces | E100: To do | F100: From the delivery plan row that cites it. | G100: Phase 3 - Production Ready | H100: Sprint 6 | I100: Backend | J100: Medium | K100: legal-workflow-service | L100: performance | M100: Identified bottlenecks are fixed or explicitly accepted with a documented limit. | N100: Likely candidates from the review: connection handling under concurrent SSE, queue throughput when conversion and extraction compete, and provider rate limits.
...

Sheet Outstanding
A1: Outstanding work
A2: Every ticket not yet Done, ordered by phase, then sprint, then priority. Deferred, superseded and won't-do tickets are on the Tickets sheet.
A4: Issue Id | B4: Issue Type | C4: Summary | D4: Status | E4: Status note | F4: Phase | G4: Sprint | H4: Component | I4: Priority
A5: 2001 | B5: Epic | C5: Foundation: private repository and upstream tracking | D5: In progress | E5: Rolled up from 2 children: 1 done, 1 in progress. | F5: Phase 1 - Extraction | G5: Sprint 1 | H5: Platform | I5: Highest
A6: 2010 | B6: Epic | C6: Unblock the build | D6: In progress | E6: Rolled up from 2 children: 1 done, 1 to do. | F6: Phase 1 - Extraction | G6: Sprint 1 | H6: Backend | I6: Highest
A7: 2007 | B7: Story | C7: Establish and prove the upstream merge routine | D7: In progress | E7: Rolled up from 2 children: 1 done, 1 to do. | F7: Phase 1 - Extraction | G7: Sprint 1 | H7: Platform | I7: High
A8: 2014 | B8: Story | C8: Take ownership of the workflow catalogue | D8: To do | E8: Rolled up from 2 children: 2 to do. | F8: Phase 1 - Extraction | G8: Sprint 1 | H8: Backend | I8: High
A9: 2015 | B9: Sub-task | C9: Fork mike-workflows and repoint the sync | D9: To do | E9: Inherited from parent 2014 (to do). | F9: Phase 1 - Extraction | G9: Sprint 1 | H9: Backend | I9: High
A10: 2009 | B10: Sub-task | C10: Run a first upstream merge as a dry run | D10: To do | E10: Never performed in this fork; the "upstream" merges in history are inherited. Value decays as the fork diverges. | F10: Phase 1 - Extraction | G10: Sprint 1 | H10: Platform | I10: Medium
A11: 2016 | B11: Sub-task | C11: Verify catalogue sync end to end | D11: To do | E11: Inherited from parent 2014 (to do). | F11: Phase 1 - Extraction | G11: Sprint 1 | H11: Backend | I11: Medium
A12: 2017 | B12: Epic | C12: CI/CD adaptation | D12: In progress | E12: Rolled up from 2 children: 1 done, 1 in progress. | F12: Phase 1 - Extraction | G12: Sprint 2 | H12: Platform | I12: Highest
A13: 2018 | B13: Story | C13: Port the inherited workflows to the private repo | D13: In progress | E13: Rolled up from 5 children: 3 done, 1 in progress, 1 won't do. | F13: Phase 1 - Extraction | G13: Sprint 2 | H13: Platform | I13: Highest
A14: 2020 | B14: Sub-task | C14: Configure Actions secrets and verify the e2e run | D14: In progress | E14: e2e green, but ANTHROPIC_API_KEY is unset so 4 LLM specs — including critical-path "ask a question" — skip every run. Established from the job env block. | F14: Phase 1 - Extraction | G14: Sprint 2 | H14: Platform | I14: High
A15: 2037 | B15: Epic | C15: Infrastructure foundation | D15: In progress | E15: Rolled up from 3 children: 1 done, 1 in progress, 1 superseded. | F15: Phase 2 - Infrastructure | G15: Sprint 3 | H15: Infrastructure | I15: Highest
... A48: 2126 | B48: Sub-task | C48: Update the documentation | D48: To do | E48: Stage 5, added 17 September 2026. | F48: Phase 4 - Self-hosted platform | G48: Sprint 7 | H48: Platform | I48: Medium
A50: Open tickets | B50: =COUNTIF(Tickets!$E$2:$E$125,"In progress")+COUNTIF(Tickets!$E$2:$E$125,"To do")
A51: The rows are a snapshot; the count beside them is live from the Tickets sheet.
